<?xml version="1.0" encoding="UTF-8"?>
<pattern name="CONTINUE_METFORMIN_ON_ADMISSION_PATTERN" concept-type="local-pattern">
    <categories>Admission</categories>
    <description>Captures if perscribed METFORMIN medications were stopped during the first 3 days of admission, with no compliance</description>
    <!-- Attributes must be 1D. Can reference all tak types for complex cases. -->
    <derived-from>
        <attribute name="ADMISSION_EVENT" tak="event" ref="A1"/>
        <attribute name="METFORMIN_HOME_BITZUA_CONTEXT" tak="context" idx="0" ref="C1"/>
        <attribute name="METFORMIN_HOSPITAL_BITZUA" tak="raw-concept" idx="0" ref="E1"/>
    </derived-from>

    <!-- Rules always share "OR" relationship. To create more complex patterns, reference a pattern in a different pattern TAK -->
    <abstraction-rules>
        <rule>
            <!-- OPTIONAL: Contextual Information relevant if begins at / before the last event of the pattern starts-->
            <context>
                <attribute ref="C1">
                    <allowed-value equal="True"/>
                </attribute>
            </context>

            <!-- Relation between 2 KBTA objects -->
            <!-- max-distance is not the recommended distance, but the max acceptable one -->
            <temporal-relation how='before' max-distance='72h'>
                <anchor>
                    <attribute ref="A1">
                        <allowed-value equal="True"/>
                    </attribute>
                </anchor>
                <event select='first'>
                    <attribute ref="E1">
                        <allowed-value equal="True"/>
                    </attribute>
                </event>
            </temporal-relation>
        </rule>
    </abstraction-rules>
</pattern>