<?xml version="1.0" encoding="UTF-8"?>
<pattern name="CREATININE_MEASURE_ON_ADMISSION" concept-type="local-pattern">
    <categories>Admission</categories>
    <description>Captures if CREATININE (Serum) was performed within reasonable time of admission</description>
    <derived-from>
        <attribute name="CREATININE_SERUM_MEASURE" tak="raw-concept" idx="0" ref="E1"/>
        <attribute name="ADMISSION_EVENT" tak="event" ref="A1"/>
    </derived-from>
 
    <!-- Rules always share "OR" relationship. To create more complex patterns, reference a pattern in a different pattern TAK -->
    <abstraction-rules>
        <rule>
            <!-- Relation between 2 KBTA objects -->
            <temporal-relation how='before' max-distance='72h'>
                <anchor>
                    <attribute ref="A1">
                        <allowed-value equal="True"/>
                    </attribute>
                </anchor>
                <event select='first'>
                    <attribute ref="E1">
                        <allowed-value min="0.1"/>
                    </attribute>
                </event>
            </temporal-relation>

            <!-- OPTIONAL: Compliance function to define fuzzy time window -->
            <compliance-function>
                <time-constraint-compliance>
                    <function name="id">
                        <trapez trapezA="0h" trapezB="0h" trapezC="48h" trapezD="72h"/>
                    </function>
                </time-constraint-compliance>
            </compliance-function>
        </rule>
    </abstraction-rules>
</pattern>