<?xml version="1.0" encoding="UTF-8"?>
<raw-concept name="ALANINE-AMINOTRANSFERASE_MEASURE" concept-type="raw-numeric">
    <categories>Measurements</categories>
    <description>Raw concept to manage the measurement of ALANINE-AMINOTRANSFERASE</description>
    <attributes>
        <attribute name="ALANINE-AMINOTRANSFERASE_MEASURE" type="numeric">
            <numeric-allowed-values>
                <allowed-value min="5" max="1000"/>
            </numeric-allowed-values>
        </attribute>
    </attributes>
</raw-concept>