<?xml version="1.0" encoding="UTF-8"?>
<raw-concept name="ALBUMIN_MEASURE" concept-type="raw-numeric">
    <categories>Measurements</categories>
    <description>Raw concept to manage the measurement of ALBUMIN by serum, for g/dL units</description>
    <attributes>
        <attribute name="ALBUMIN_MEASURE" type="numeric">
            <numeric-allowed-values>
                <allowed-value min="1.5" max="7"/>
            </numeric-allowed-values>
        </attribute>
        <attribute name="ALBUMIN_SERUM_MEASURE" type="numeric">
            <numeric-allowed-values>
                <allowed-value min="1.5" max="7"/>
            </numeric-allowed-values>
        </attribute>
    </attributes>
</raw-concept>