<?xml version="1.0" encoding="UTF-8"?>
<raw-concept name="ASPARATE-AMINOTRANSFERASE_MEASURE" concept-type="raw-numeric">
    <categories>Measurements</categories>
    <description>Raw concept to manage the measurement of ASPARATE-AMINOTRANSFERASE for U/L units</description>
    <attributes>
        <attribute name="ASPARATE-AMINOTRANSFERASE_MEASURE" type="numeric">
            <numeric-allowed-values>
                <allowed-value min="5" max="7000"/>
            </numeric-allowed-values>
        </attribute>
    </attributes>
</raw-concept>