<?xml version="1.0" encoding="UTF-8"?>
<raw-concept name="BASAL_BITZUA" concept-type="raw-numeric">
    <categories>DrugAdministration</categories>
    <description>Raw concept to manage the administration of BASAL (long term) insulin, which is SubCutaneous by default</description>
    <attributes>
        <attribute name="BASAL_DOSAGE" type="numeric">
            <numeric-allowed-values>
                <allowed-value min="1" max="300"/>
            </numeric-allowed-values>
        </attribute>
    </attributes>
</raw-concept>