<?xml version="1.0" encoding="UTF-8"?>
<raw-concept name="BICARBONATE_MEASURE" concept-type="raw-numeric">
    <categories>Measurements</categories>
    <description>Raw concept to manage the measurement of BICARBONATE in units of mmol/l</description>
    <attributes>
        <attribute name="BICARBONATE_MEASURE" type="numeric">
            <numeric-allowed-values>
                <allowed-value min="5" max="60"/>
            </numeric-allowed-values>
        </attribute>
    </attributes>
</raw-concept>