<?xml version="1.0" encoding="UTF-8"?>
<raw-concept name="BODY_TEMPERATURE_MEASURE" concept-type="raw-numeric">
    <categories>Measurements</categories>
    <description>Raw concept to manage base BODY TEMPERATURE (units Celsius)</description>
    <attributes>
        <attribute name="BODY_TEMPERATURE_MEASURE" type="numeric">
            <numeric-allowed-values>
                <allowed-value min="25" max="42.5"/>
            </numeric-allowed-values>
        </attribute>
        <attribute name="BODY_TEMPERATURE" type="numeric">
            <numeric-allowed-values>
                <allowed-value min="25" max="42.5"/>
            </numeric-allowed-values>
        </attribute>
    </attributes>
</raw-concept>