<?xml version="1.0" encoding="UTF-8"?>
<raw-concept name="BOLUS_BITZUA" concept-type="raw-numeric">
    <categories>DrugAdministration</categories>
    <description>Raw concept to manage the administration of BOLUS (short term) insulin, assumed to be SubCutaneous by default (many DB mismatches there)</description>
    <attributes>
        <attribute name="BOLUS_DOSAGE" type="numeric">
            <numeric-allowed-values>
                <allowed-value min="1" max="150"/>
            </numeric-allowed-values>
        </attribute>
    </attributes>
</raw-concept>