<?xml version="1.0" encoding="UTF-8"?>
<raw-concept name="CREATINE-KINASE_MEASURE" concept-type="raw-numeric">
    <categories>Measurements</categories>
    <description>Raw concept to manage the measurement of creatine kinase in Serum (U/L, no MB measurement)</description>
    <attributes>
        <attribute name="CREATINE-KINASE_MEASURE" type="numeric">
            <numeric-allowed-values>
                <allowed-value min="10" max="200000"/>
            </numeric-allowed-values>
        </attribute>
    </attributes>
</raw-concept>