<?xml version="1.0" encoding="UTF-8"?>
<raw-concept name="E-GFR_MEASURE" concept-type="raw-numeric">
    <categories>Measurements</categories>
    <description>Raw concept to manage the measurement of E-GFR in units of ml/min/1.73m² or similar. Programatically calculated using the GFR MDRD formula + uses declared measurements of correct units</description>
    <attributes>
        <attribute name="E-GFR_MEASURE" type="numeric">
            <numeric-allowed-values>
                <allowed-value min="1" max="200"/>
            </numeric-allowed-values>
        </attribute>
    </attributes>
</raw-concept>