<?xml version="1.0" encoding="UTF-8"?>
<raw-concept name="HEMATOCRIT_MEASURE" concept-type="raw-numeric">
    <categories>Measurements</categories>
    <description>Raw concept to manage the measurement of HEMATOCRIT in units of %</description>
    <attributes>
        <attribute name="HEMATOCRIT_MEASURE" type="numeric">
            <numeric-allowed-values>
                <allowed-value min="10" max="80"/>
            </numeric-allowed-values>
        </attribute>
    </attributes>
</raw-concept>