<?xml version="1.0" encoding="UTF-8"?>
<raw-concept name="HEMOGLOBIN_MEASURE" concept-type="raw-numeric">
    <categories>Measurements</categories>
    <description>Raw concept to manage the measurement of HEMOGLOBIN in units of g/dL</description>
    <attributes>
        <attribute name="HEMOGLOBIN_MEASURE" type="numeric">
            <numeric-allowed-values>
                <allowed-value min="3" max="22"/>
            </numeric-allowed-values>
        </attribute>
    </attributes>
</raw-concept>