<?xml version="1.0" encoding="UTF-8"?>
<raw-concept name="HIGH_GLUCOSE_IND" concept-type="raw-numeric">
    <categories>Context</categories>
    <description>Raw concept to indicate the transition to high glucose range in admission</description>
    <attributes>
        <attribute name="GLUCOSE_MEASURE" type="numeric">
            <numeric-allowed-values>
                <allowed-value min="180"/>
            </numeric-allowed-values>
        </attribute>
    </attributes>
</raw-concept>