<?xml version="1.0" encoding="UTF-8"?>
<raw-concept name="INFECTION_WBC_MEASURE" concept-type="raw-numeric">
    <categories>Measurements</categories>
    <description>Raw concept to manage the measurement of WHITE BLOOD CELLS for infection determination in units of 10³/µL (LEUKOCYTES)</description>
    <attributes>
        <attribute name="INFECTION_WBC_MEASURE" type="numeric">
            <numeric-allowed-values>
                <allowed-value min="0.1" max="500"/>
            </numeric-allowed-values>
        </attribute>
    </attributes>
</raw-concept>