<?xml version="1.0" encoding="UTF-8"?>
<raw-concept name="INSULIN_BITZUA" concept-type="raw-numeric">
    <categories>DrugAdministration</categories>
    <description>Raw concept to manage the administration of regular insulin, which is IntraVenous by default</description>
    <attributes>
        <attribute name="INSULIN_IV_DOSAGE" type="numeric">
            <numeric-allowed-values>
                <allowed-value min="0.01" max="100"/>
            </numeric-allowed-values>
        </attribute>
    </attributes>
</raw-concept>