<?xml version="1.0" encoding="UTF-8"?>
<raw-concept name="NEUTROPHILS_MEASURE" concept-type="raw-numeric">
    <categories>Measurements</categories>
    <description>Raw concept to manage the measurement of Absolute NEUTROPHILS count (ANC) in units of 10e3/uL</description>
    <attributes>
        <attribute name="NEUTROPHILS_MEASURE" type="numeric">
            <numeric-allowed-values>
                <allowed-value min="0.1" max="200"/>
            </numeric-allowed-values>
        </attribute>
    </attributes>
</raw-concept>