<?xml version="1.0" encoding="UTF-8"?>
<raw-concept name="PH_MEASURE" concept-type="raw-numeric">
    <categories>Measurements</categories>
    <description>Raw concept to manage the measurement of blood PH (units of mmHg or mg/dL)</description>
    <attributes>
        <attribute name="PH_MEASURE" type="numeric">
            <numeric-allowed-values>
                <allowed-value min="6.8" max="14"/>
            </numeric-allowed-values>
        </attribute>
    </attributes>
</raw-concept>