<?xml version="1.0" encoding="UTF-8"?>
<raw-concept name="PLT_MEASURE" concept-type="raw-numeric">
    <categories>Measurements</categories>
    <description>Raw concept to manage the measurement of blood PLT (in units of 10e3/uL)</description>
    <attributes>
        <attribute name="PLT_MEASURE" type="numeric">
            <numeric-allowed-values>
                <allowed-value min="10" max="1500"/>
            </numeric-allowed-values>
        </attribute>
    </attributes>
</raw-concept>