<?xml version="1.0" encoding="UTF-8"?>
<raw-concept name="POTASSIUM_MEASURE" concept-type="raw-numeric">
    <categories>Measurements</categories>
    <description>Raw concept to manage the measurement of blood POTASSIUM (K⁺) in units of mmol/L</description>
    <attributes>
        <attribute name="POTASSIUM_MEASURE" type="numeric">
            <numeric-allowed-values>
                <allowed-value min="2.5" max="10"/>
            </numeric-allowed-values>
        </attribute>
    </attributes>
</raw-concept>