<?xml version="1.0" encoding="UTF-8"?>
<raw-concept name="SODIUM_MEASURE" concept-type="raw-numeric">
    <categories>Measurements</categories>
    <description>Raw concept to manage the measurement of SODIUM (Na⁺) by serum/ blood/ plasma in units of mmol/L</description>
    <attributes>
        <attribute name="SODIUM_MEASURE" type="numeric">
            <numeric-allowed-values>
                <allowed-value min="100" max="200"/>
            </numeric-allowed-values>
        </attribute>
    </attributes>
</raw-concept>