<?xml version="1.0" encoding="UTF-8"?>
<raw-concept name="TROPONIN_MEASURE" concept-type="raw-numeric">
    <categories>Measurements</categories>
    <description>Raw concept to manage the measurement of TROPONIN in units of ng/L</description>
    <attributes>
        <attribute name="TROPONIN_MEASURE" type="numeric">
            <numeric-allowed-values>
                <allowed-value min="0.1" max="100000"/>
            </numeric-allowed-values>
        </attribute>
    </attributes>
</raw-concept>