<?xml version="1.0" encoding="UTF-8"?>
<raw-concept name="UREA_MEASURE" concept-type="raw-numeric">
    <categories>Measurements</categories>
    <description>Raw concept to manage the measurement of blood/ serum/ plasma UREA in units of mg/dL</description>
    <attributes>
        <attribute name="UREA_MEASURE" type="numeric">
            <numeric-allowed-values>
                <allowed-value min="0.1" max="300"/>
            </numeric-allowed-values>
        </attribute>
    </attributes>
</raw-concept>