<?xml version="1.0" encoding="UTF-8"?>
<raw-concept name="WEIGHT_MEASURE" concept-type="raw-numeric">
    <categories>Measurements</categories>
    <description>Raw concept for measurement of WEIGHT (in KG), used to assess proper medication dosages</description>
    <attributes>
        <attribute name="WEIGHT_MEASURE" type="numeric">
            <numeric-allowed-values>
                <allowed-value min="0.5" max="500"/>
            </numeric-allowed-values>
        </attribute>
    </attributes>
</raw-concept>