<?xml version="1.0" encoding="UTF-8"?>
<parameterized-raw-concept name="BASAL_BITZUA_RATIO">
    <categories>DrugAdministration</categories>
    <description>Raw concept to manage the BASAL ratio (long term) compared to the last administered dose</description>
    <derived-from name="BASAL_BITZUA" tak="raw-concept"/>
    
    <!-- Will use the closest instance to the beginning of the pattern -->
    <parameters>
        <parameter name="BASAL_BITZUA" tak="raw-concept" idx="0" how='before' dynamic="true" ref="P1"/>
    </parameters>

    <functions>
        <function name="div">
            <value idx="0"/>
            <parameter ref="P1"/>
        </function>
    </functions>

</parameterized-raw-concept>