<?xml version="1.0" encoding="UTF-8"?>
<parameterized-raw-concept name="CREATININE_REL_SERUM_MEASURE">
    <categories>Measurements</categories>
    <description>Raw concept to monitor the creatinine trend within admission, if 2 or more exist, compared to baseline</description>
    <derived-from name="CREATININE_SERUM_MEASURE" tak="raw-concept"/>
    
    <!-- Will use the baseline first instance before the pattern -->
    <parameters>
        <parameter name="CREATININE_SERUM_MEASURE" tak="raw-concept" idx="0" how='before' dynamic="false" ref="P1"/>
    </parameters>

    <functions>
        <function name="div">
            <value idx="0"/>
            <parameter ref="P1"/>
        </function>
    </functions>

</parameterized-raw-concept>