<?xml version="1.0" encoding="UTF-8"?>
<parameterized-raw-concept name="M-SHR_MEASURE">
    <categories>Measurements</categories>
    <description>Raw concept to manage the temporal measurement of M-SHR ratio (glucose / base glucose measure)</description>
    <derived-from name="GLUCOSE_MEASURE" tak="raw-concept"/>
    
    <!-- Will use the closest instance to the beginning of the pattern -->
    <parameters>
        <parameter name="BASE_GLUCOSE_MEASURE" tak="raw-concept" how='all' dynamic="false" idx="0" ref="P1"/>
    </parameters>

    <functions>
        <function name="div">
            <value idx="0"/>
            <parameter ref="P1"/>
        </function>
    </functions>

</parameterized-raw-concept>