<?xml version="1.0" encoding="UTF-8"?>
<state name="BASAL_BITZUA_STATE">
    <categories>DrugAdministration</categories>
    <description>Abstraction for the dosage and route of administration of BASAL insulin (SC by default)</description>
    <derived-from name="BASAL_BITZUA" tak="raw-concept"/>

    <!-- Concatenate adjacent equal states within good_after window; allow 1 outlier skip -->
    <persistence good-after="24h" interpolate="false"/>

    <!-- Discretize and abstract -->
    <abstraction-rules>
        <rule value="SubCutaneous Low" operator="and">
            <attribute idx="0">
                <allowed-value max="20"/>
            </attribute>
        </rule>
        <rule value="SubCutaneous Medium" operator="and">
            <attribute idx="0">
                <allowed-value min="20" max="40"/>
            </attribute>
        </rule>
        <rule value="SubCutaneous High" operator="and">
            <attribute idx="0">
                <allowed-value min="40"/>
            </attribute>
        </rule>
    </abstraction-rules>
</state>